Job Title,Location,Type,URL
DevCon 2025 - Zone 2 Schools (Freshman and Sophomore Opportunity),"Atlanta, Georgia",Scholar Program,https://whosnext.tmcf.org/jobs/1569?lang=en-us
2025 Capital One Launchpad: Legacy and Leadership Program,"Washington, DC
Washington, DC",Immersion,https://whosnext.tmcf.org/jobs/1568?lang=en-us
2025 Leadership Institute,"Washington, DC
Washington , DC, Washington, DC",Leadership Institute,https://whosnext.tmcf.org/jobs/1521?lang=en-us
2025 Supplier Management & Procurement Pathway for Boeing Regional Technical Talent Development Hub,"Huntsville, AL
Huntsville, Alabama",Talent Sourcing,https://whosnext.tmcf.org/jobs/1561?lang=en-us
"2025 TE Connectivity | TMCF Manufacturing Engineer Internship-Middletown, PA.","PA
Pennsylvania",Intern,https://whosnext.tmcf.org/jobs/1546?lang=en-us
2025 Boeing | TMCF HBCU Immersion,"St.Louis, MO
St. Louis, Missouri",Intern,https://whosnext.tmcf.org/jobs/1558?lang=en-us
2025 TMCF Internship Programs,"Nationally, USA",Evergreen,https://whosnext.tmcf.org/jobs/1532?lang=en-us
2025 Materials Management Pathway for Boeing Regional Technical Talent Development Hub,"Huntsville, AL
Huntsville, Alabama",Talent Sourcing,https://whosnext.tmcf.org/jobs/1562?lang=en-us
2025 CBRE Property Management Internship,"Chicago, Illinois
Chicago, Illinois",Intern,https://whosnext.tmcf.org/jobs/1565?lang=en-us
"2025 TE Connectivity | TMCF Quality Analyst Internship-(Greensboro, NC. and Middletown, PA.)","NC
North Carolina",Intern,https://whosnext.tmcf.org/jobs/1537?lang=en-us
"2025 TE Connectivity | TMCF Product Management Internship-Winston Salem, NC.","NC
North Carolina",Intern,https://whosnext.tmcf.org/jobs/1544?lang=en-us
"2025 TE Connectivity | TMCF Financial Analyst Internship-Remote & Hybrid in Winston Salem, NC.",Remote,Intern,https://whosnext.tmcf.org/jobs/1541?lang=en-us
DevCon 2025 - Zone 2 Schools (Freshman and Sophomore Opportunity),"Atlanta, Georgia",Scholar Program,https://whosnext.tmcf.org/jobs/1569?lang=en-us
"2025 TE Connectivity | TMCF Product Management Internship-Middletown, PA","PA
Pennsylvania",Intern,https://whosnext.tmcf.org/jobs/1531?lang=en-us
TMCF's Innovation and Entrepreneurship Presents: The Pitchâ„¢ 2025,"Atlanta, Georgia",I&E Activation,https://whosnext.tmcf.org/jobs/1528?lang=en-us
"2025 TE Connectivity | TMCF Mechanical Engineering Internship-Greensboro, NC","NC
North Carolina",Intern,https://whosnext.tmcf.org/jobs/1538?lang=en-us
2025 PayPal Career Academy,Remote,Talent Sourcing,https://whosnext.tmcf.org/jobs/1526?lang=en-us
"2025 - 2026 TMCF SOAR (Seeking, Observing, and Achieving Results) Scholar Program","Nationally, USA",Scholar Program,https://whosnext.tmcf.org/jobs/1547?lang=en-us
2025 Transportation Analyst Pathway for Boeing Regional Technical Talent Development Hub,"Huntsville, AL
Huntsville, Alabama",Talent Sourcing,https://whosnext.tmcf.org/jobs/1563?lang=en-us
2025 Capital One Launchpad: Legacy and Leadership Program,"Washington, DC
Washington, DC",Immersion,https://whosnext.tmcf.org/jobs/1568?lang=en-us
Komar Brands-Warehouse Data Analyst,"Savannah Georgia
Savannah, Georgia",Intern,https://whosnext.tmcf.org/jobs/1551?lang=en-us
2025 Leadership Institute,"Washington, DC
Washington , DC, Washington, DC",Leadership Institute,https://whosnext.tmcf.org/jobs/1521?lang=en-us
"2025 TE Connectivity | TMCF Mechanical Engineering Internship-Middletown, PA.","PA
Pennsylvania",Intern,https://whosnext.tmcf.org/jobs/1542?lang=en-us
2025 Technician & Mechanic Pathway for Boeing Regional Technical Talent Development Hub,"Huntsville, AL
Huntsville, Alabama",Talent Sourcing,https://whosnext.tmcf.org/jobs/1560?lang=en-us
TMCF| Novartis Career Readiness Program,"Nationally, USA",Scholar Program,https://whosnext.tmcf.org/jobs/1530?lang=en-us
"2025 TE Connectivity | TMCF Sales & Marketing Internship-(Troy, MI. and Fuquay-Varina, NC.)","MI
Michigan",Intern,https://whosnext.tmcf.org/jobs/1539?lang=en-us
Leaders & Legends Student Testimonial Opportunity,"Atlanta, Georgia",Evergreen,https://whosnext.tmcf.org/jobs/1488?lang=en-us
"2025 TE Connectivity | TMCF Product Development Engineer Internship-Winston Salem, NC.","NC
North Carolina",Intern,https://whosnext.tmcf.org/jobs/1540?lang=en-us
2025 CBRE Sales Brokerage Internship,"Fargo, ND
Cincinnati, Ohio",Intern,https://whosnext.tmcf.org/jobs/1566?lang=en-us
2025 -2026 Yard Ambassador & Influencer,"Nationally, USA",Part Time,https://whosnext.tmcf.org/jobs/1554?lang=en-us
2025 TMCF | Ally Moguls In The Making,"Nationally, USA",I&E Activation,https://whosnext.tmcf.org/jobs/1553?lang=en-us
2025 TE Connectivity | TMCF Strategic Sourcing Analyst Internship-Remote,Remote,Intern,https://whosnext.tmcf.org/jobs/1545?lang=en-us
"2025 Sands Hospitality Immersion Program (Las Vegas, NV)","Nationally, USA",Internship/Fellowship,https://whosnext.tmcf.org/jobs/1559?lang=en-us
TMCF Alumni Career Connect,"LA
Louisiana",Full Time,https://whosnext.tmcf.org/jobs/1359?lang=en-us
Supplier Management & Procurement Pathway for 2024 Boeing Regional Technical Talent Development Hub,"Huntsville, AL
Huntsville, Alabama",Talent Sourcing,https://whosnext.tmcf.org/jobs/1497?lang=en-us
